Sorszám,Leírás,Ár,,
1,"4 db egyben, hajtatlan",1900.-Ft,001_front.jog,001_back-jpg
2,"5 db egyben, hajtatlan",1901.-Ft,,
3,"6 db egyben, hajtatlan",1902.-Ft,002_front.jog,002_back-jpg
4,"7 db egyben, hajtatlan",1903.-Ft,,
5,"8 db egyben, hajtatlan",1904.-Ft,003_front.jog,003_back-jpg
6,"9 db egyben, hajtatlan",1905.-Ft,,
7,"10 db egyben, hajtatlan",1906.-Ft,004_front.jog,004_back-jpg
8,"11 db egyben, hajtatlan",1907.-Ft,,
9,"12 db egyben, hajtatlan",1908.-Ft,005_front.jog,005_back-jpg
10,"13 db egyben, hajtatlan",1909.-Ft,,
11,"14 db egyben, hajtatlan",1910.-Ft,006_front.jog,006_back-jpg
